"ruo","date"
" 4.52",2012-01-10
" 4.43",2012-01-11
" 4.41",2012-01-12
" 4.40",2012-01-13
" 4.44",2012-01-16
" 4.50",2012-01-17
" 4.49",2012-01-18
" 4.49",2012-01-19
" 4.55",2012-01-20
" 4.60",2012-01-23
" 5.02",2012-01-24
" 5.52",2012-01-25
" 5.63",2012-01-26
" 5.58",2012-01-27
" 5.52",2012-01-30
" 4.64",2012-01-31
" 4.45",2012-02-01
" 4.28",2012-02-02
" 4.23",2012-02-03
" 4.22",2012-02-06
" 4.20",2012-02-07
" 4.12",2012-02-08
" 4.19",2012-02-09
" 4.23",2012-02-10
" 4.27",2012-02-13
" 4.27",2012-02-14
" 4.28",2012-02-15
" 4.26",2012-02-16
" 4.26",2012-02-17
" 4.41",2012-02-20
" 4.27",2012-02-21
" 4.26",2012-02-22
" 4.24",2012-02-24
" 4.44",2012-02-27
" 5.11",2012-02-28
" 5.18",2012-02-29
" 4.68",2012-03-01
" 4.40",2012-03-02
" 4.46",2012-03-05
" 4.50",2012-03-06
" 4.49",2012-03-07
" 4.64",2012-03-11
" 5.06",2012-03-12
" 4.89",2012-03-13
" 4.76",2012-03-14
" 4.90",2012-03-15
" 5.04",2012-03-16
" 5.20",2012-03-19
" 5.33",2012-03-20
" 5.17",2012-03-21
" 4.94",2012-03-22
" 4.99",2012-03-23
" 5.95",2012-03-26
" 5.48",2012-03-27
" 5.70",2012-03-28
" 5.69",2012-03-29
" 5.48",2012-03-30
" 5.69",2012-04-02
" 4.98",2012-04-03
" 4.62",2012-04-04
" 4.47",2012-04-05
" 4.48",2012-04-06
" 4.37",2012-04-09
" 4.63",2012-04-10
" 4.90",2012-04-11
" 5.44",2012-04-12
" 5.28",2012-04-13
" 5.24",2012-04-16
" 5.35",2012-04-17
" 5.08",2012-04-18
" 5.25",2012-04-19
" 5.32",2012-04-20
" 5.43",2012-04-23
" 5.64",2012-04-24
" 5.71",2012-04-25
" 6.09",2012-04-26
" 6.17",2012-04-27
" 6.00",2012-04-28
" 5.85",2012-05-02
" 5.62",2012-05-03
" 5.24",2012-05-04
" 5.07",2012-05-05
" 5.96",2012-05-10
" 5.72",2012-05-11
" 5.22",2012-05-12
" 5.31",2012-05-14
" 5.28",2012-05-15
" 5.50",2012-05-16
" 5.79",2012-05-17
" 5.77",2012-05-18
" 5.77",2012-05-21
" 5.35",2012-05-22
" 5.12",2012-05-23
" 5.79",2012-05-24
" 6.34",2012-05-25
" 6.03",2012-05-28
" 6.40",2012-05-29
" 6.39",2012-05-30
" 6.22",2012-05-31
" 4.96",2012-06-01
" 4.92",2012-06-04
" 5.15",2012-06-05
" 5.28",2012-06-06
" 6.27",2012-06-07
" 5.40",2012-06-08
" 5.15",2012-06-09
" 6.17",2012-06-13
" 6.66",2012-06-14
" 5.61",2012-06-15
" 5.10",2012-06-18
" 5.38",2012-06-19
" 5.58",2012-06-20
" 5.33",2012-06-21
" 5.87",2012-06-22
" 5.72",2012-06-25
" 6.18",2012-06-26
" 6.10",2012-06-27
" 6.13",2012-06-28
" 6.11",2012-06-29
" 5.54",2012-07-02
" 4.91",2012-07-03
" 5.04",2012-07-04
" 5.24",2012-07-05
" 5.28",2012-07-06
" 5.74",2012-07-09
" 5.29",2012-07-10
" 5.43",2012-07-11
" 5.92",2012-07-12
" 5.57",2012-07-13
" 5.44",2012-07-16
" 5.53",2012-07-17
" 5.43",2012-07-18
" 5.16",2012-07-19
" 5.22",2012-07-20
" 5.63",2012-07-23
" 5.71",2012-07-24
" 5.99",2012-07-25
" 6.01",2012-07-26
" 5.63",2012-07-27
" 5.86",2012-07-30
" 6.13",2012-07-31
" 5.09",2012-08-01
" 5.53",2012-08-02
" 5.31",2012-08-03
" 5.36",2012-08-06
" 5.64",2012-08-07
" 5.10",2012-08-08
" 4.46",2012-08-09
" 5.52",2012-08-10
" 5.93",2012-08-13
" 5.70",2012-08-14
" 5.38",2012-08-15
" 5.05",2012-08-16
" 4.87",2012-08-17
" 5.53",2012-08-20
" 5.54",2012-08-21
" 4.96",2012-08-22
" 4.60",2012-08-23
" 4.77",2012-08-24
" 5.81",2012-08-27
" 5.43",2012-08-28
" 5.18",2012-08-29
" 5.24",2012-08-30
" 4.68",2012-08-31
" 4.54",2012-09-03
" 4.48",2012-09-04
" 5.08",2012-09-05
" 5.12",2012-09-06
" 4.71",2012-09-07
" 5.60",2012-09-10
" 5.12",2012-09-11
" 5.04",2012-09-12
" 5.25",2012-09-13
" 5.62",2012-09-14
" 5.77",2012-09-17
" 5.70",2012-09-18
" 5.30",2012-09-19
" 5.52",2012-09-20
" 5.52",2012-09-21
" 6.06",2012-09-24
" 6.45",2012-09-25
" 6.03",2012-09-26
" 6.07",2012-09-27
" 6.22",2012-09-28
" 5.97",2012-10-01
" 5.67",2012-10-02
" 5.54",2012-10-03
" 5.82",2012-10-04
" 5.54",2012-10-05
" 5.83",2012-10-08
" 5.93",2012-10-09
" 6.17",2012-10-10
" 6.33",2012-10-11
" 6.05",2012-10-12
" 6.22",2012-10-15
" 6.19",2012-10-16
" 5.80",2012-10-17
" 5.71",2012-10-18
" 5.70",2012-10-19
" 5.91",2012-10-22
" 6.13",2012-10-23
" 6.16",2012-10-24
" 6.42",2012-10-25
" 6.23",2012-10-26
" 6.37",2012-10-29
" 6.37",2012-10-30
" 6.46",2012-10-31
" 6.28",2012-11-01
" 5.86",2012-11-02
" 6.06",2012-11-06
" 5.82",2012-11-07
" 5.27",2012-11-08
" 5.59",2012-11-09
" 5.94",2012-11-12
" 6.11",2012-11-13
" 6.44",2012-11-14
" 6.28",2012-11-15
" 6.10",2012-11-16
" 6.03",2012-11-19
" 6.01",2012-11-20
" 5.86",2012-11-21
" 5.90",2012-11-22
" 5.94",2012-11-23
" 6.30",2012-11-26
" 6.42",2012-11-27
" 6.50",2012-11-28
" 6.19",2012-11-29
" 6.47",2012-11-30
" 6.41",2012-12-03
" 6.36",2012-12-04
" 6.34",2012-12-05
" 5.96",2012-12-06
" 5.89",2012-12-07
" 6.29",2012-12-10
" 6.37",2012-12-11
" 6.09",2012-12-12
" 6.15",2012-12-13
" 6.45",2012-12-14
" 6.28",2012-12-17
" 6.47",2012-12-18
" 6.39",2012-12-19
" 6.39",2012-12-20
" 6.27",2012-12-21
" 6.09",2012-12-24
" 5.93",2012-12-25
" 6.15",2012-12-26
" 6.24",2012-12-27
" 5.33",2012-12-28
" 5.69",2013-01-09
" 4.98",2013-01-10
" 4.96",2013-01-11
" 4.98",2013-01-14
" 4.91",2013-01-15
" 5.18",2013-01-16
" 5.50",2013-01-17
" 5.31",2013-01-18
" 5.49",2013-01-21
" 5.28",2013-01-22
" 4.90",2013-01-23
" 4.90",2013-01-24
" 5.69",2013-01-25
" 6.17",2013-01-28
" 5.82",2013-01-29
" 5.67",2013-01-30
" 5.87",2013-01-31
" 5.53",2013-02-01
" 5.30",2013-02-04
" 5.20",2013-02-05
" 5.16",2013-02-06
" 4.94",2013-02-07
" 4.81",2013-02-08
" 5.25",2013-02-11
" 5.27",2013-02-12
" 5.44",2013-02-13
" 5.59",2013-02-14
" 5.75",2013-02-15
" 6.13",2013-02-18
" 5.78",2013-02-19
" 5.85",2013-02-20
" 6.01",2013-02-21
" 5.97",2013-02-22
" 6.12",2013-02-25
" 6.08",2013-02-26
" 5.88",2013-02-27
" 6.16",2013-02-28
" 5.96",2013-03-01
" 6.00",2013-03-04
" 6.16",2013-03-05
" 6.37",2013-03-06
" 6.45",2013-03-07
" 6.09",2013-03-11
" 5.65",2013-03-12
" 5.36",2013-03-13
" 5.88",2013-03-14
" 5.75",2013-03-15
" 5.94",2013-03-18
" 5.47",2013-03-19
" 5.77",2013-03-20
" 5.74",2013-03-21
" 5.93",2013-03-22
" 6.22",2013-03-25
" 6.16",2013-03-26
" 5.92",2013-03-27
" 6.13",2013-03-28
" 6.28",2013-03-29
" 5.93",2013-04-01
" 5.93",2013-04-02
" 5.93",2013-04-03
" 5.71",2013-04-04
" 5.60",2013-04-05
" 5.87",2013-04-08
" 6.22",2013-04-09
" 5.94",2013-04-10
" 5.84",2013-04-11
" 5.80",2013-04-12
" 6.01",2013-04-15
" 6.14",2013-04-16
" 6.10",2013-04-17
" 6.14",2013-04-18
" 6.24",2013-04-19
" 6.28",2013-04-22
" 6.35",2013-04-23
" 6.38",2013-04-24
" 6.50",2013-04-25
" 6.41",2013-04-26
" 6.52",2013-04-29
" 6.52",2013-04-30
" 6.53",2013-05-06
" 6.25",2013-05-07
" 6.10",2013-05-08
" 6.36",2013-05-13
" 6.25",2013-05-14
" 6.25",2013-05-15
" 6.37",2013-05-16
" 6.28",2013-05-17
" 6.33",2013-05-20
" 6.34",2013-05-21
" 6.32",2013-05-22
" 6.30",2013-05-23
" 6.24",2013-05-24
" 6.25",2013-05-27
" 6.29",2013-05-28
" 6.26",2013-05-29
" 6.30",2013-05-30
" 6.29",2013-05-31
" 6.35",2013-06-03
" 6.40",2013-06-04
" 6.24",2013-06-05
" 6.06",2013-06-06
" 5.84",2013-06-07
" 6.03",2013-06-10
" 6.02",2013-06-11
" 6.15",2013-06-13
" 6.09",2013-06-14
" 6.20",2013-06-17
" 6.18",2013-06-18
" 6.12",2013-06-19
" 6.31",2013-06-20
" 6.35",2013-06-21
" 6.39",2013-06-24
" 6.50",2013-06-25
" 6.44",2013-06-26
" 6.48",2013-06-27
" 6.49",2013-06-28
" 6.35",2013-07-01
" 6.16",2013-07-02
" 5.88",2013-07-03
" 5.60",2013-07-04
" 5.49",2013-07-05
" 5.51",2013-07-08
" 5.60",2013-07-09
" 5.89",2013-07-10
" 5.96",2013-07-11
" 5.94",2013-07-12
" 6.14",2013-07-15
" 6.15",2013-07-16
" 6.03",2013-07-17
" 6.00",2013-07-18
" 5.95",2013-07-19
" 6.01",2013-07-22
" 6.02",2013-07-23
" 6.01",2013-07-24
" 6.24",2013-07-25
" 6.36",2013-07-26
" 6.37",2013-07-29
" 6.25",2013-07-30
" 6.14",2013-07-31
" 6.13",2013-08-01
" 6.01",2013-08-02
" 6.01",2013-08-05
" 5.98",2013-08-06
" 5.82",2013-08-07
" 5.77",2013-08-08
" 5.70",2013-08-09
" 5.83",2013-08-12
" 5.97",2013-08-13
" 6.13",2013-08-14
" 6.09",2013-08-15
" 6.00",2013-08-16
" 5.94",2013-08-19
" 5.97",2013-08-20
" 5.88",2013-08-21
" 5.91",2013-08-22
" 5.90",2013-08-23
" 6.24",2013-08-26
" 6.33",2013-08-27
" 6.28",2013-08-28
" 6.28",2013-08-29
" 6.09",2013-08-30
" 5.87",2013-09-02
" 5.89",2013-09-03
" 5.88",2013-09-04
" 5.92",2013-09-05
" 6.07",2013-09-06
" 6.13",2013-09-09
" 6.14",2013-09-10
" 6.03",2013-09-11
" 6.12",2013-09-12
" 6.03",2013-09-13
" 6.12",2013-09-16
" 6.16",2013-09-17
" 6.12",2013-09-18
" 6.28",2013-09-19
" 6.30",2013-09-20
" 6.33",2013-09-23
" 6.41",2013-09-24
" 6.45",2013-09-25
" 6.48",2013-09-26
" 6.48",2013-09-27
" 6.53",2013-09-30
" 6.23",2013-10-01
" 5.85",2013-10-02
" 5.83",2013-10-03
" 5.36",2013-10-04
" 4.71",2013-10-07
" 4.74",2013-10-08
" 5.98",2013-10-09
" 6.04",2013-10-10
" 6.14",2013-10-11
" 6.36",2013-10-14
" 6.17",2013-10-15
" 6.11",2013-10-16
" 6.04",2013-10-17
" 5.98",2013-10-18
" 6.10",2013-10-21
" 6.13",2013-10-22
" 5.99",2013-10-23
" 6.00",2013-10-24
" 6.23",2013-10-25
" 6.46",2013-10-28
" 6.37",2013-10-29
" 6.37",2013-10-30
" 6.34",2013-10-31
" 6.26",2013-11-01
" 6.25",2013-11-05
" 6.28",2013-11-06
" 6.24",2013-11-07
" 5.36",2013-11-08
" 5.51",2013-11-11
" 5.83",2013-11-12
" 5.90",2013-11-13
" 6.00",2013-11-14
" 5.97",2013-11-15
" 6.03",2013-11-18
" 6.01",2013-11-19
" 6.01",2013-11-20
" 6.14",2013-11-21
" 6.25",2013-11-22
" 6.41",2013-11-25
" 6.47",2013-11-26
" 6.36",2013-11-27
" 6.50",2013-11-28
" 6.51",2013-11-29
" 6.45",2013-12-02
" 6.42",2013-12-03
" 6.05",2013-12-04
" 6.43",2013-12-05
" 6.38",2013-12-06
" 6.28",2013-12-09
" 6.49",2013-12-10
" 6.47",2013-12-11
" 6.31",2013-12-12
" 6.36",2013-12-13
" 6.52",2013-12-16
" 6.49",2013-12-17
" 6.52",2013-12-18
" 6.51",2013-12-19
" 6.60",2013-12-20
" 6.55",2013-12-23
" 6.39",2013-12-24
" 6.48",2013-12-25
" 6.58",2013-12-26
" 6.50",2013-12-27
" 6.24",2013-12-30
" 5.51",2014-01-09
" 5.84",2014-01-10
" 6.31",2014-01-13
" 5.69",2014-01-14
" 5.60",2014-01-15
" 5.68",2014-01-16
" 5.94",2014-01-17
" 6.03",2014-01-20
" 6.18",2014-01-21
" 6.32",2014-01-22
" 6.19",2014-01-23
" 6.10",2014-01-24
" 6.29",2014-01-27
" 6.23",2014-01-28
" 6.27",2014-01-29
" 6.33",2014-01-30
" 6.29",2014-01-31
" 6.27",2014-02-03
" 6.22",2014-02-04
" 5.83",2014-02-05
" 5.56",2014-02-06
" 4.87",2014-02-07
" 5.50",2014-02-10
" 6.07",2014-02-11
" 5.87",2014-02-12
" 5.56",2014-02-13
" 5.83",2014-02-14
" 6.14",2014-02-17
" 6.07",2014-02-18
" 6.00",2014-02-19
" 6.02",2014-02-20
" 6.25",2014-02-21
" 5.99",2014-02-24
" 6.38",2014-02-25
" 6.29",2014-02-26
" 6.23",2014-02-27
" 6.32",2014-02-28
" 7.44",2014-03-03
" 7.70",2014-03-04
" 7.70",2014-03-05
" 7.68",2014-03-06
" 7.64",2014-03-07
" 7.94",2014-03-11
" 7.95",2014-03-12
" 7.93",2014-03-13
" 7.53",2014-03-14
" 7.60",2014-03-17
" 7.77",2014-03-18
" 7.84",2014-03-19
" 7.94",2014-03-20
" 7.92",2014-03-21
" 7.84",2014-03-24
" 8.03",2014-03-25
" 7.97",2014-03-26
" 8.00",2014-03-27
" 8.04",2014-03-28
" 8.15",2014-03-31
" 7.95",2014-04-01
" 7.75",2014-04-02
" 7.76",2014-04-03
" 7.66",2014-04-04
" 7.67",2014-04-07
" 7.64",2014-04-08
" 6.50",2014-04-09
" 7.34",2014-04-10
" 7.58",2014-04-11
" 7.76",2014-04-14
" 7.78",2014-04-15
" 7.76",2014-04-16
" 7.80",2014-04-17
" 7.84",2014-04-18
" 7.90",2014-04-21
" 7.85",2014-04-22
" 7.88",2014-04-23
" 7.84",2014-04-24
" 8.09",2014-04-25
" 8.48",2014-04-28
" 8.55",2014-04-29
" 8.69",2014-04-30
" 8.47",2014-05-05
" 8.46",2014-05-06
" 7.98",2014-05-07
" 7.03",2014-05-08
" 8.32",2014-05-12
" 8.24",2014-05-13
" 8.20",2014-05-14
" 8.27",2014-05-15
" 8.36",2014-05-16
" 8.42",2014-05-19
" 8.46",2014-05-20
" 8.30",2014-05-21
" 8.25",2014-05-22
" 7.55",2014-05-23
" 8.11",2014-05-26
" 7.94",2014-05-27
" 8.08",2014-05-28
" 8.27",2014-05-29
" 8.19",2014-05-30
" 7.68",2014-06-02
" 7.35",2014-06-03
" 7.56",2014-06-04
" 7.82",2014-06-05
" 7.96",2014-06-06
" 8.41",2014-06-09
" 8.35",2014-06-10
" 8.35",2014-06-11
" 8.40",2014-06-16
" 8.38",2014-06-17
" 8.34",2014-06-18
" 8.21",2014-06-19
" 8.29",2014-06-20
" 8.21",2014-06-23
" 8.20",2014-06-24
" 8.47",2014-06-25
" 8.45",2014-06-26
" 8.40",2014-06-27
" 8.63",2014-06-30
" 8.17",2014-07-01
" 7.96",2014-07-02
" 7.36",2014-07-03
" 7.24",2014-07-04
" 7.73",2014-07-07
" 7.47",2014-07-08
" 6.87",2014-07-09
" 7.94",2014-07-10
" 8.35",2014-07-11
" 8.36",2014-07-14
" 8.50",2014-07-15
" 8.20",2014-07-16
" 8.12",2014-07-17
" 8.41",2014-07-18
" 8.60",2014-07-21
" 8.41",2014-07-22
" 8.23",2014-07-23
" 8.05",2014-07-24
" 8.39",2014-07-25
" 8.96",2014-07-28
" 8.77",2014-07-29
" 8.64",2014-07-30
" 8.10",2014-07-31
" 7.46",2014-08-01
" 7.26",2014-08-04
" 7.24",2014-08-05
" 7.39",2014-08-06
" 7.33",2014-08-07
" 7.46",2014-08-08
" 8.24",2014-08-11
" 8.12",2014-08-12
" 7.82",2014-08-13
" 7.48",2014-08-14
" 7.43",2014-08-15
" 7.89",2014-08-18
" 8.36",2014-08-19
" 8.20",2014-08-20
" 8.01",2014-08-21
" 8.09",2014-08-22
" 8.38",2014-08-25
" 8.36",2014-08-26
" 8.18",2014-08-27
" 8.08",2014-08-28
" 8.11",2014-08-29
" 8.13",2014-09-01
" 8.02",2014-09-02
" 7.78",2014-09-03
" 7.56",2014-09-04
" 7.41",2014-09-05
" 7.26",2014-09-08
" 7.25",2014-09-09
" 7.73",2014-09-10
" 7.98",2014-09-11
" 8.10",2014-09-12
" 8.19",2014-09-15
" 8.57",2014-09-16
" 8.84",2014-09-17
" 8.16",2014-09-18
" 7.91",2014-09-19
" 8.12",2014-09-22
" 7.96",2014-09-23
" 7.83",2014-09-24
" 7.95",2014-09-25
" 8.03",2014-09-26
" 7.91",2014-09-29
" 8.08",2014-09-30
" 7.90",2014-10-01
" 7.71",2014-10-02
" 7.30",2014-10-03
" 7.23",2014-10-06
" 7.25",2014-10-07
" 7.41",2014-10-08
" 7.50",2014-10-09
" 8.04",2014-10-10
" 8.15",2014-10-13
" 8.45",2014-10-14
" 8.53",2014-10-15
" 8.59",2014-10-16
" 8.42",2014-10-17
" 8.64",2014-10-20
" 8.62",2014-10-21
" 8.44",2014-10-22
" 8.63",2014-10-23
" 8.55",2014-10-24
" 8.64",2014-10-27
" 8.73",2014-10-28
" 8.77",2014-10-29
" 8.73",2014-10-30
" 9.06",2014-10-31
"10.39",2014-11-05
"10.22",2014-11-06
" 9.82",2014-11-07
"10.02",2014-11-10
" 9.86",2014-11-11
"10.18",2014-11-12
" 9.90",2014-11-13
" 9.69",2014-11-14
" 9.94",2014-11-17
" 9.89",2014-11-18
"10.03",2014-11-19
"10.22",2014-11-20
"10.60",2014-11-21
"10.66",2014-11-24
"10.93",2014-11-25
"10.57",2014-11-26
"10.46",2014-11-27
"10.69",2014-11-28
"10.33",2014-12-01
" 9.88",2014-12-02
" 9.42",2014-12-03
" 9.41",2014-12-04
" 9.73",2014-12-05
"10.18",2014-12-08
"10.33",2014-12-09
"10.64",2014-12-10
"11.50",2014-12-11
"11.62",2014-12-12
"11.84",2014-12-15
"18.69",2014-12-16
"23.62",2014-12-17
"28.65",2014-12-18
"24.30",2014-12-19
"23.36",2014-12-22
"19.93",2014-12-23
"18.37",2014-12-24
"16.75",2014-12-25
"16.97",2014-12-26
"16.96",2014-12-29
"17.39",2014-12-30
"17.55",2015-01-12
"17.19",2015-01-13
"17.07",2015-01-14
"17.10",2015-01-15
"16.93",2015-01-16
"16.96",2015-01-19
"16.97",2015-01-20
"16.91",2015-01-21
"16.85",2015-01-22
"16.81",2015-01-23
"16.86",2015-01-26
"16.97",2015-01-27
"16.80",2015-01-28
"16.74",2015-01-29
"16.63",2015-01-30
"14.95",2015-02-02
"14.85",2015-02-03
"14.82",2015-02-04
"14.59",2015-02-05
"14.58",2015-02-06
"14.85",2015-02-09
"15.47",2015-02-10
"15.34",2015-02-11
"15.24",2015-02-12
"15.23",2015-02-13
"15.15",2015-02-16
"15.42",2015-02-17
"14.98",2015-02-18
"15.00",2015-02-19
"15.01",2015-02-20
"14.99",2015-02-24
"15.47",2015-02-25
"15.54",2015-02-26
"15.49",2015-02-27
"15.70",2015-03-02
"15.50",2015-03-03
"15.59",2015-03-04
"15.49",2015-03-05
"14.56",2015-03-06
"15.50",2015-03-10
"15.18",2015-03-11
"14.71",2015-03-12
"14.33",2015-03-13
"14.05",2015-03-16
"14.34",2015-03-17
"14.76",2015-03-18
"14.75",2015-03-19
"14.51",2015-03-20
"14.45",2015-03-23
"14.50",2015-03-24
"14.70",2015-03-25
"14.69",2015-03-26
"14.73",2015-03-27
"14.63",2015-03-30
"14.66",2015-03-31
"14.27",2015-04-01
"14.26",2015-04-02
"14.16",2015-04-03
"14.01",2015-04-06
"13.75",2015-04-07
"13.73",2015-04-08
"13.55",2015-04-09
"14.24",2015-04-10
"14.71",2015-04-13
"14.74",2015-04-14
"14.77",2015-04-15
"14.85",2015-04-16
"14.78",2015-04-17
"14.99",2015-04-20
"14.97",2015-04-21
"14.47",2015-04-22
"13.51",2015-04-23
"14.00",2015-04-24
"14.60",2015-04-27
"14.57",2015-04-28
"14.80",2015-04-29
"14.45",2015-04-30
"13.11",2015-05-05
"12.81",2015-05-06
"12.21",2015-05-07
"11.74",2015-05-08
"12.79",2015-05-12
"13.08",2015-05-13
"13.15",2015-05-14
"13.23",2015-05-15
"13.27",2015-05-18
"13.19",2015-05-19
"12.43",2015-05-20
"12.01",2015-05-21
"12.26",2015-05-22
"12.78",2015-05-25
"13.03",2015-05-26
"13.03",2015-05-27
"12.99",2015-05-28
"13.19",2015-05-29
"12.80",2015-06-01
"12.52",2015-06-02
"12.74",2015-06-03
"13.25",2015-06-04
"13.06",2015-06-05
"13.10",2015-06-08
"13.12",2015-06-09
"13.03",2015-06-10
"12.69",2015-06-11
"12.75",2015-06-15
"12.06",2015-06-16
"12.17",2015-06-17
"12.18",2015-06-18
"12.03",2015-06-19
"12.05",2015-06-22
"11.99",2015-06-23
"11.86",2015-06-24
"12.12",2015-06-25
"12.26",2015-06-26
"12.30",2015-06-29
"12.40",2015-06-30
"12.13",2015-07-01
"11.84",2015-07-02
"11.39",2015-07-03
"10.91",2015-07-06
"10.65",2015-07-07
"10.59",2015-07-08
"10.73",2015-07-09
"11.54",2015-07-10
"11.93",2015-07-13
"11.92",2015-07-14
"12.04",2015-07-15
"12.14",2015-07-16
"12.25",2015-07-17
"12.14",2015-07-20
"12.17",2015-07-21
"11.53",2015-07-22
"10.95",2015-07-23
"10.97",2015-07-24
"11.55",2015-07-27
"11.56",2015-07-28
"11.22",2015-07-29
"10.97",2015-07-30
"11.19",2015-07-31
"10.45",2015-08-03
"10.17",2015-08-04
"10.16",2015-08-05
"10.21",2015-08-06
"10.30",2015-08-07
"10.45",2015-08-10
"10.59",2015-08-11
"10.59",2015-08-12
"10.88",2015-08-13
"11.17",2015-08-14
"11.10",2015-08-17
"11.18",2015-08-18
"11.08",2015-08-19
"11.01",2015-08-20
"10.99",2015-08-21
"11.00",2015-08-24
"11.11",2015-08-25
"11.21",2015-08-26
"11.21",2015-08-27
"11.06",2015-08-28
"11.04",2015-08-31
"10.91",2015-09-01
"10.58",2015-09-02
"10.64",2015-09-03
"10.60",2015-09-04
"10.40",2015-09-07
"10.40",2015-09-08
"10.39",2015-09-09
"10.50",2015-09-10
"11.03",2015-09-11
"11.57",2015-09-14
"11.68",2015-09-15
"11.62",2015-09-16
"11.42",2015-09-17
"11.40",2015-09-18
"11.54",2015-09-21
"11.61",2015-09-22
"11.13",2015-09-23
"11.01",2015-09-24
"11.45",2015-09-25
"11.43",2015-09-28
"11.38",2015-09-29
"11.45",2015-09-30
"11.26",2015-10-01
"11.41",2015-10-02
"10.80",2015-10-05
"10.30",2015-10-06
"10.30",2015-10-07
"10.48",2015-10-08
"10.46",2015-10-09
"11.01",2015-10-12
"11.38",2015-10-13
"11.39",2015-10-14
"11.33",2015-10-15
"11.47",2015-10-16
"11.34",2015-10-19
"11.35",2015-10-20
"11.38",2015-10-21
"11.36",2015-10-22
"11.40",2015-10-23
"11.50",2015-10-26
"11.35",2015-10-27
"11.42",2015-10-28
"11.42",2015-10-29
"11.46",2015-10-30
"11.33",2015-11-02
"11.32",2015-11-03
"11.25",2015-11-05
"11.39",2015-11-06
"10.88",2015-11-09
"11.43",2015-11-10
"11.32",2015-11-11
"11.60",2015-11-12
"11.55",2015-11-13
"11.62",2015-11-16
"11.68",2015-11-17
"11.68",2015-11-18
"11.67",2015-11-19
"11.64",2015-11-20
"11.50",2015-11-23
"11.61",2015-11-24
"11.19",2015-11-25
"11.48",2015-11-26
"11.45",2015-11-27
"11.32",2015-11-30
"11.19",2015-12-01
"11.11",2015-12-02
"10.92",2015-12-03
"11.00",2015-12-04
"11.56",2015-12-07
"11.78",2015-12-08
"11.30",2015-12-09
"11.64",2015-12-10
"11.54",2015-12-11
"11.54",2015-12-14
"11.46",2015-12-15
"11.17",2015-12-16
"11.34",2015-12-17
"11.29",2015-12-18
"11.20",2015-12-21
"11.06",2015-12-22
"10.99",2015-12-23
"10.83",2015-12-24
"11.08",2015-12-25
"10.95",2015-12-28
"11.01",2015-12-29
"10.52",2015-12-30
"10.85",2016-01-11
"10.95",2016-01-12
"11.01",2016-01-13
"11.06",2016-01-14
"11.02",2016-01-15
"11.09",2016-01-18
"11.08",2016-01-19
"11.10",2016-01-20
"11.03",2016-01-21
"11.06",2016-01-22
"11.17",2016-01-25
"11.12",2016-01-26
"11.20",2016-01-27
"11.11",2016-01-28
"11.07",2016-01-29
"10.88",2016-02-01
"10.72",2016-02-02
"10.99",2016-02-03
"11.01",2016-02-04
"10.80",2016-02-05
"10.62",2016-02-08
"10.62",2016-02-09
"10.82",2016-02-10
"10.71",2016-02-11
"10.66",2016-02-12
"10.70",2016-02-15
"10.88",2016-02-16
"11.16",2016-02-17
"10.98",2016-02-18
"11.03",2016-02-19
"10.87",2016-02-20
"11.00",2016-02-24
"11.05",2016-02-25
"11.13",2016-02-26
"10.93",2016-02-29
"10.93",2016-03-01
"10.90",2016-03-02
"11.05",2016-03-03
"10.79",2016-03-04
"10.91",2016-03-09
"10.86",2016-03-10
"10.83",2016-03-11
"11.07",2016-03-14
"11.10",2016-03-15
"10.89",2016-03-16
"10.91",2016-03-17
"10.70",2016-03-18
"10.65",2016-03-21
"10.56",2016-03-22
"10.54",2016-03-23
"10.79",2016-03-24
"11.13",2016-03-25
"11.31",2016-03-28
"11.16",2016-03-29
"11.22",2016-03-30
"11.29",2016-03-31
"10.95",2016-04-01
"10.46",2016-04-04
"10.45",2016-04-05
"10.71",2016-04-06
"10.83",2016-04-07
"10.90",2016-04-08
"10.75",2016-04-11
"10.71",2016-04-12
"10.63",2016-04-13
"10.76",2016-04-14
"10.94",2016-04-15
"11.02",2016-04-18
"11.00",2016-04-19
"10.57",2016-04-20
"10.32",2016-04-21
"10.31",2016-04-22
"10.65",2016-04-25
"10.53",2016-04-26
"10.54",2016-04-27
"10.84",2016-04-28
"11.09",2016-04-29
"11.04",2016-05-04
"10.96",2016-05-05
"10.45",2016-05-06
"10.28",2016-05-10
"10.38",2016-05-11
"11.00",2016-05-12
"11.10",2016-05-13
"11.42",2016-05-16
"11.05",2016-05-17
"11.11",2016-05-18
"11.15",2016-05-19
"11.24",2016-05-20
"11.23",2016-05-23
"11.32",2016-05-24
"11.32",2016-05-25
"11.28",2016-05-26
"11.31",2016-05-27
"11.30",2016-05-30
"11.24",2016-05-31
"11.24",2016-06-01
"11.24",2016-06-02
"11.07",2016-06-03
"10.81",2016-06-06
"10.66",2016-06-07
"10.95",2016-06-08
"10.76",2016-06-09
"10.65",2016-06-10
"10.32",2016-06-14
"10.51",2016-06-15
"10.36",2016-06-16
"10.33",2016-06-17
"10.42",2016-06-20
"10.26",2016-06-21
"10.27",2016-06-22
"10.14",2016-06-23
" 9.95",2016-06-24
"10.43",2016-06-27
"10.48",2016-06-28
"10.38",2016-06-29
"10.41",2016-06-30
"10.18",2016-07-01
" 9.93",2016-07-04
" 9.97",2016-07-05
"10.16",2016-07-06
"10.27",2016-07-07
"10.30",2016-07-08
"10.20",2016-07-11
"10.31",2016-07-12
"10.37",2016-07-13
"10.31",2016-07-14
"10.17",2016-07-15
"10.44",2016-07-18
"10.38",2016-07-19
"10.37",2016-07-20
"10.41",2016-07-21
"10.08",2016-07-22
"10.30",2016-07-25
"10.47",2016-07-26
"10.37",2016-07-27
"10.46",2016-07-28
"10.34",2016-07-29
"10.17",2016-08-01
" 9.97",2016-08-02
"10.33",2016-08-03
"10.33",2016-08-04
"10.36",2016-08-05
"10.37",2016-08-08
"10.39",2016-08-09
"10.38",2016-08-10
"10.37",2016-08-11
"10.39",2016-08-12
"10.33",2016-08-15
"10.35",2016-08-16
"10.28",2016-08-17
"10.35",2016-08-18
"10.28",2016-08-19
"10.30",2016-08-22
"10.20",2016-08-23
"10.07",2016-08-24
"10.28",2016-08-25
"10.35",2016-08-26
"10.29",2016-08-29
"10.26",2016-08-30
"10.30",2016-08-31
"10.25",2016-09-01
"10.28",2016-09-02
"10.31",2016-09-05
"10.31",2016-09-06
"10.21",2016-09-07
"10.25",2016-09-08
"10.26",2016-09-09
"10.40",2016-09-12
"10.38",2016-09-13
"10.50",2016-09-14
"10.65",2016-09-15
"10.62",2016-09-16
"10.18",2016-09-19
"10.17",2016-09-20
" 9.80",2016-09-21
" 9.71",2016-09-22
" 9.66",2016-09-23
" 9.98",2016-09-26
"10.01",2016-09-27
"10.28",2016-09-28
"10.50",2016-09-29
"10.55",2016-09-30
" 9.98",2016-10-03
"10.21",2016-10-04
"10.18",2016-10-05
"10.27",2016-10-06
"10.32",2016-10-07
"10.46",2016-10-10
"10.50",2016-10-11
"10.43",2016-10-12
"10.50",2016-10-13
"10.47",2016-10-14
"10.44",2016-10-17
"10.45",2016-10-18
"10.47",2016-10-19
"10.35",2016-10-20
"10.33",2016-10-21
"10.17",2016-10-24
"10.32",2016-10-25
"10.17",2016-10-26
"10.16",2016-10-27
"10.23",2016-10-28
"10.36",2016-10-31
"10.04",2016-11-01
" 9.75",2016-11-02
" 9.50",2016-11-03
" 9.22",2016-11-07
" 9.37",2016-11-08
"10.01",2016-11-09
"10.05",2016-11-10
"10.03",2016-11-11
"10.20",2016-11-14
"10.18",2016-11-15
"10.09",2016-11-16
"10.14",2016-11-17
"10.10",2016-11-18
"10.19",2016-11-21
"10.08",2016-11-22
" 9.97",2016-11-23
"10.10",2016-11-24
"10.21",2016-11-25
"10.41",2016-11-28
"10.17",2016-11-29
"10.09",2016-11-30
" 9.98",2016-12-01
"10.16",2016-12-02
"10.22",2016-12-05
"10.13",2016-12-06
"10.13",2016-12-07
"10.19",2016-12-08
"10.21",2016-12-09
"10.16",2016-12-12
"10.18",2016-12-13
"10.17",2016-12-14
"10.04",2016-12-15
" 9.98",2016-12-16
"10.12",2016-12-19
"10.14",2016-12-20
"10.14",2016-12-21
"10.18",2016-12-22
"10.08",2016-12-23
"10.25",2016-12-26
"10.36",2016-12-27
"10.47",2016-12-28
"10.50",2016-12-29
"10.13",2017-01-09
" 9.93",2017-01-10
" 9.97",2017-01-11
" 9.93",2017-01-12
"10.06",2017-01-13
"10.22",2017-01-16
"10.21",2017-01-17
"10.26",2017-01-18
"10.19",2017-01-19
"10.10",2017-01-20
" 9.82",2017-01-23
" 9.82",2017-01-24
"10.23",2017-01-25
"10.38",2017-01-26
"10.33",2017-01-27
"10.27",2017-01-30
"10.24",2017-01-31
"10.24",2017-02-01
"10.13",2017-02-02
" 9.96",2017-02-03
" 9.77",2017-02-06
" 9.90",2017-02-07
"10.24",2017-02-08
"10.25",2017-02-09
"10.30",2017-02-10
"10.21",2017-02-13
"10.18",2017-02-14
"10.45",2017-02-15
"10.39",2017-02-16
"10.32",2017-02-17
"10.15",2017-02-20
"10.17",2017-02-21
"10.08",2017-02-22
"10.15",2017-02-27
"10.00",2017-02-28
" 9.99",2017-03-01
" 9.85",2017-03-02
" 9.74",2017-03-03
" 9.68",2017-03-06
" 9.53",2017-03-07
" 9.94",2017-03-09
" 9.92",2017-03-10
" 9.91",2017-03-13
"10.02",2017-03-14
"10.02",2017-03-15
" 9.94",2017-03-16
" 9.94",2017-03-17
"10.02",2017-03-20
"10.00",2017-03-21
" 9.95",2017-03-22
" 9.98",2017-03-23
" 9.74",2017-03-24
" 9.77",2017-03-27
" 9.80",2017-03-28
"10.00",2017-03-29
"10.03",2017-03-30
" 9.82",2017-03-31
" 9.88",2017-04-03
" 9.71",2017-04-04
" 9.35",2017-04-05
" 9.29",2017-04-06
" 9.30",2017-04-07
" 9.38",2017-04-10
" 9.23",2017-04-11
" 9.57",2017-04-12
" 9.54",2017-04-13
" 9.62",2017-04-14
" 9.61",2017-04-17
" 9.57",2017-04-18
" 9.58",2017-04-19
" 9.61",2017-04-20
" 9.55",2017-04-21
" 9.52",2017-04-24
" 9.77",2017-04-25
" 9.61",2017-04-26
" 9.59",2017-04-27
" 9.71",2017-04-28
" 9.11",2017-05-02
" 9.40",2017-05-03
" 9.52",2017-05-04
" 9.42",2017-05-05
" 9.27",2017-05-10
" 9.02",2017-05-11
" 8.99",2017-05-12
" 9.00",2017-05-15
" 8.86",2017-05-16
" 9.05",2017-05-17
" 9.08",2017-05-18
" 9.10",2017-05-19
" 8.93",2017-05-22
" 8.99",2017-05-23
" 8.85",2017-05-24
" 9.12",2017-05-25
" 9.07",2017-05-26
" 9.27",2017-05-29
" 9.18",2017-05-30
" 9.15",2017-05-31
" 9.19",2017-06-01
" 9.20",2017-06-02
" 9.45",2017-06-05
" 9.61",2017-06-06
" 9.14",2017-06-07
" 9.08",2017-06-08
" 9.07",2017-06-09
" 9.07",2017-06-13
" 9.19",2017-06-14
" 9.26",2017-06-15
" 9.27",2017-06-16
" 9.02",2017-06-19
" 9.03",2017-06-20
" 8.99",2017-06-21
" 8.77",2017-06-22
" 8.64",2017-06-23
" 8.90",2017-06-26
" 9.05",2017-06-27
" 9.09",2017-06-28
" 9.15",2017-06-29
" 9.09",2017-06-30
" 9.03",2017-07-03
" 9.02",2017-07-04
" 9.00",2017-07-05
" 9.02",2017-07-06
" 8.98",2017-07-07
" 8.64",2017-07-10
" 8.48",2017-07-11
" 8.79",2017-07-12
" 8.82",2017-07-13
" 8.75",2017-07-14
" 8.96",2017-07-17
" 8.86",2017-07-18
" 8.91",2017-07-19
" 8.95",2017-07-20
" 8.96",2017-07-21
" 8.94",2017-07-24
" 8.93",2017-07-25
" 9.05",2017-07-26
" 9.13",2017-07-27
" 9.17",2017-07-28
" 9.24",2017-07-31
" 8.90",2017-08-01
" 8.70",2017-08-02
" 8.64",2017-08-03
" 8.34",2017-08-04
" 8.24",2017-08-07
" 8.22",2017-08-08
" 8.63",2017-08-09
" 8.44",2017-08-10
" 8.35",2017-08-11
" 8.25",2017-08-14
" 8.33",2017-08-15
" 8.50",2017-08-16
" 8.51",2017-08-17
" 8.52",2017-08-18
" 8.56",2017-08-21
" 8.57",2017-08-22
" 8.40",2017-08-23
" 8.37",2017-08-24
" 8.53",2017-08-25
" 8.58",2017-08-28
" 8.55",2017-08-29
" 8.56",2017-08-30
" 8.71",2017-08-31
" 8.78",2017-09-01
" 8.94",2017-09-04
" 8.58",2017-09-05
" 8.49",2017-09-06
" 8.46",2017-09-07
" 8.42",2017-09-08
" 8.44",2017-09-11
" 8.19",2017-09-12
" 8.24",2017-09-13
" 8.61",2017-09-14
" 8.69",2017-09-15
" 7.96",2017-09-18
" 8.04",2017-09-19
" 8.00",2017-09-20
" 8.02",2017-09-21
" 7.99",2017-09-22
" 8.05",2017-09-25
" 7.98",2017-09-26
" 8.21",2017-09-27
" 8.47",2017-09-28
" 8.49",2017-09-29
" 8.25",2017-10-02
" 8.22",2017-10-03
" 7.99",2017-10-04
" 7.95",2017-10-05
" 8.30",2017-10-06
" 8.37",2017-10-09
" 8.26",2017-10-10
" 7.92",2017-10-11
" 8.18",2017-10-12
" 8.16",2017-10-13
" 8.20",2017-10-16
" 7.95",2017-10-17
" 7.87",2017-10-18
" 7.85",2017-10-19
" 7.73",2017-10-20
" 7.98",2017-10-23
" 7.78",2017-10-24
" 7.86",2017-10-25
" 7.99",2017-10-26
" 7.82",2017-10-27
" 8.11",2017-10-30
" 8.02",2017-10-31
" 8.10",2017-11-01
" 8.23",2017-11-02
" 7.98",2017-11-03
" 7.74",2017-11-07
" 7.76",2017-11-08
" 7.74",2017-11-09
" 7.83",2017-11-10
" 7.86",2017-11-13
" 7.92",2017-11-14
" 7.98",2017-11-15
" 7.99",2017-11-16
" 7.99",2017-11-17
" 8.00",2017-11-20
" 7.98",2017-11-21
" 7.96",2017-11-22
" 7.95",2017-11-23
" 7.97",2017-11-24
" 8.03",2017-11-27
" 8.20",2017-11-28
" 8.28",2017-11-29
" 8.24",2017-11-30
" 8.21",2017-12-01
" 7.83",2017-12-04
" 8.07",2017-12-05
" 8.07",2017-12-06
" 8.11",2017-12-07
" 8.09",2017-12-08
" 7.98",2017-12-11
" 7.99",2017-12-12
" 7.97",2017-12-13
" 7.85",2017-12-14
" 7.90",2017-12-15
" 7.54",2017-12-18
" 7.48",2017-12-19
" 7.50",2017-12-20
" 7.50",2017-12-21
" 7.54",2017-12-22
" 7.84",2017-12-25
" 7.58",2017-12-26
" 7.41",2017-12-27
" 7.19",2017-12-28
" 6.88",2018-01-09
" 7.16",2018-01-10
" 7.04",2018-01-11
" 7.00",2018-01-12
" 7.00",2018-01-15
" 7.02",2018-01-16
" 6.98",2018-01-17
" 7.07",2018-01-18
" 7.01",2018-01-19
" 7.01",2018-01-22
" 6.95",2018-01-23
" 6.93",2018-01-24
" 7.21",2018-01-25
" 7.25",2018-01-26
" 7.35",2018-01-29
" 7.37",2018-01-30
" 7.12",2018-01-31
" 7.26",2018-02-01
" 7.09",2018-02-02
" 7.19",2018-02-05
" 7.23",2018-02-06
" 7.07",2018-02-07
" 7.06",2018-02-08
" 6.99",2018-02-09
" 6.78",2018-02-12
" 6.83",2018-02-13
" 6.96",2018-02-14
" 7.08",2018-02-15
" 7.21",2018-02-16
" 7.28",2018-02-19
" 7.28",2018-02-20
" 7.29",2018-02-21
" 7.23",2018-02-22
" 7.30",2018-02-26
" 7.45",2018-02-27
" 7.50",2018-02-28
" 7.38",2018-03-01
" 7.16",2018-03-02
" 7.25",2018-03-05
" 7.11",2018-03-06
" 7.18",2018-03-07
" 7.31",2018-03-12
" 7.31",2018-03-13
" 7.31",2018-03-14
" 7.28",2018-03-15
" 7.15",2018-03-16
" 7.14",2018-03-19
" 7.16",2018-03-20
" 7.04",2018-03-21
" 7.12",2018-03-22
" 6.90",2018-03-23
" 7.15",2018-03-26
" 7.08",2018-03-27
" 6.88",2018-03-28
" 7.00",2018-03-29
" 7.19",2018-03-30
" 7.07",2018-04-02
" 6.98",2018-04-03
" 6.94",2018-04-04
" 7.01",2018-04-05
" 7.06",2018-04-06
" 7.07",2018-04-09
" 7.24",2018-04-10
" 7.00",2018-04-11
" 6.99",2018-04-12
" 6.99",2018-04-13
" 7.01",2018-04-16
" 7.01",2018-04-17
" 7.10",2018-04-18
" 7.02",2018-04-19
" 7.03",2018-04-20
" 6.80",2018-04-23
" 6.80",2018-04-24
" 6.91",2018-04-25
" 7.05",2018-04-26
" 7.00",2018-04-27
" 7.07",2018-04-28
" 7.00",2018-05-03
" 6.84",2018-05-04
" 6.70",2018-05-07
" 6.47",2018-05-08
" 6.79",2018-05-10
" 6.77",2018-05-11
" 6.87",2018-05-14
" 6.98",2018-05-15
" 7.04",2018-05-16
" 7.10",2018-05-17
" 7.15",2018-05-18
" 7.05",2018-05-21
" 7.05",2018-05-22
" 6.98",2018-05-23
" 6.84",2018-05-24
" 6.98",2018-05-25
" 7.07",2018-05-28
" 7.08",2018-05-29
" 7.12",2018-05-30
" 7.10",2018-05-31
" 6.96",2018-06-01
" 6.71",2018-06-04
" 6.75",2018-06-05
" 7.00",2018-06-06
" 7.00",2018-06-07
" 7.00",2018-06-08
" 6.76",2018-06-09
" 6.99",2018-06-13
" 7.00",2018-06-14
" 6.98",2018-06-15
" 7.01",2018-06-18
" 7.00",2018-06-19
" 6.99",2018-06-20
" 6.96",2018-06-21
" 6.96",2018-06-22
" 7.11",2018-06-25
" 7.27",2018-06-26
" 7.21",2018-06-27
" 7.13",2018-06-28
" 7.16",2018-06-29
" 7.01",2018-07-02
" 6.72",2018-07-03
" 7.02",2018-07-04
" 7.00",2018-07-05
" 6.73",2018-07-06
" 6.64",2018-07-09
" 7.03",2018-07-10
" 7.06",2018-07-11
" 7.09",2018-07-12
" 7.13",2018-07-13
" 7.14",2018-07-16
" 7.19",2018-07-17
" 7.05",2018-07-18
" 7.09",2018-07-19
" 7.01",2018-07-20
" 6.76",2018-07-23
" 6.80",2018-07-24
" 7.00",2018-07-25
" 7.19",2018-07-26
" 7.71",2018-07-27
" 7.72",2018-07-30
" 7.74",2018-07-31
" 7.04",2018-08-01
" 6.97",2018-08-02
" 6.88",2018-08-03
" 6.86",2018-08-06
" 6.85",2018-08-07
" 7.02",2018-08-08
" 7.10",2018-08-09
" 7.15",2018-08-10
" 7.14",2018-08-13
" 7.18",2018-08-14
" 7.09",2018-08-15
" 7.08",2018-08-16
" 6.95",2018-08-17
" 6.97",2018-08-20
" 6.91",2018-08-21
" 6.96",2018-08-22
" 6.73",2018-08-23
" 6.97",2018-08-24
" 7.22",2018-08-27
" 7.26",2018-08-28
" 7.18",2018-08-29
" 7.14",2018-08-30
" 7.14",2018-08-31
" 7.15",2018-09-03
" 7.17",2018-09-04
" 7.00",2018-09-05
" 6.87",2018-09-06
" 6.97",2018-09-07
" 6.98",2018-09-10
" 7.01",2018-09-11
" 6.81",2018-09-12
" 7.00",2018-09-13
" 7.02",2018-09-14
" 7.24",2018-09-17
" 7.24",2018-09-18
" 7.01",2018-09-19
" 7.29",2018-09-20
" 7.23",2018-09-21
" 7.22",2018-09-24
" 7.47",2018-09-25
" 7.24",2018-09-26
" 7.23",2018-09-27
" 7.40",2018-09-28
" 7.27",2018-10-01
" 7.25",2018-10-02
" 7.36",2018-10-03
" 7.42",2018-10-04
" 7.53",2018-10-05
" 7.36",2018-10-08
" 7.06",2018-10-09
" 7.16",2018-10-10
" 7.32",2018-10-11
" 7.33",2018-10-12
" 7.35",2018-10-15
" 7.27",2018-10-16
" 7.29",2018-10-17
" 7.41",2018-10-18
" 7.36",2018-10-19
" 7.16",2018-10-22
" 7.10",2018-10-23
" 7.05",2018-10-24
" 7.32",2018-10-25
" 7.25",2018-10-26
" 7.20",2018-10-29
" 7.12",2018-10-30
" 7.06",2018-10-31
" 6.86",2018-11-01
" 7.28",2018-11-02
" 7.50",2018-11-06
" 7.35",2018-11-07
" 7.34",2018-11-08
" 7.37",2018-11-09
" 7.43",2018-11-12
" 7.39",2018-11-13
" 7.15",2018-11-14
" 7.01",2018-11-15
" 6.92",2018-11-16
" 7.01",2018-11-19
" 7.06",2018-11-20
" 7.12",2018-11-21
" 6.91",2018-11-22
" 7.07",2018-11-23
" 7.43",2018-11-26
" 7.57",2018-11-27
" 7.46",2018-11-28
" 7.29",2018-11-29
" 7.50",2018-11-30
" 7.28",2018-12-03
" 7.41",2018-12-04
" 7.41",2018-12-05
" 7.41",2018-12-06
" 7.38",2018-12-07
" 7.42",2018-12-10
" 7.43",2018-12-11
" 7.40",2018-12-12
" 7.38",2018-12-13
" 7.50",2018-12-14
" 7.57",2018-12-17
" 7.67",2018-12-18
" 7.68",2018-12-19
" 7.66",2018-12-20
" 7.66",2018-12-21
" 7.62",2018-12-24
" 7.62",2018-12-25
" 7.43",2018-12-26
" 7.55",2018-12-27
" 7.07",2018-12-28
" 7.59",2019-01-09
" 7.53",2019-01-10
" 7.53",2019-01-11
" 7.53",2019-01-14
" 7.53",2019-01-15
" 7.56",2019-01-16
" 7.58",2019-01-17
" 7.63",2019-01-18
" 7.62",2019-01-21
" 7.66",2019-01-22
" 7.56",2019-01-23
" 7.55",2019-01-24
" 7.71",2019-01-25
" 7.76",2019-01-28
" 7.78",2019-01-29
" 7.72",2019-01-30
" 7.62",2019-01-31
" 7.60",2019-02-01
" 7.50",2019-02-04
" 7.53",2019-02-05
" 7.58",2019-02-06
" 7.61",2019-02-07
" 7.60",2019-02-08
" 7.61",2019-02-11
" 7.48",2019-02-12
" 7.53",2019-02-13
" 7.34",2019-02-14
" 7.54",2019-02-15
" 7.56",2019-02-18
" 7.62",2019-02-19
" 7.54",2019-02-20
" 7.38",2019-02-21
" 7.20",2019-02-22
" 7.50",2019-02-25
" 7.49",2019-02-26
" 7.64",2019-02-27
" 7.54",2019-02-28
" 7.51",2019-03-01
" 7.59",2019-03-04
" 7.72",2019-03-05
" 7.73",2019-03-06
" 7.78",2019-03-07
" 7.69",2019-03-11
" 7.54",2019-03-12
" 7.53",2019-03-13
" 7.48",2019-03-14
" 7.50",2019-03-15
" 7.45",2019-03-18
" 7.46",2019-03-19
" 7.42",2019-03-20
" 7.44",2019-03-21
" 7.45",2019-03-22
" 7.81",2019-03-25
" 7.76",2019-03-26
" 7.63",2019-03-27
" 7.52",2019-03-28
" 7.81",2019-03-29
" 7.61",2019-04-01
" 7.61",2019-04-02
" 7.64",2019-04-03
" 7.72",2019-04-04
" 7.82",2019-04-05
" 7.64",2019-04-08
" 7.70",2019-04-09
" 7.64",2019-04-10
" 7.79",2019-04-11
" 7.89",2019-04-12
" 7.89",2019-04-15
" 7.98",2019-04-16
" 7.59",2019-04-17
" 7.59",2019-04-18
" 7.61",2019-04-19
" 7.45",2019-04-22
" 7.36",2019-04-23
" 7.32",2019-04-24
" 7.49",2019-04-25
" 7.56",2019-04-26
" 7.96",2019-04-29
" 7.96",2019-04-30
" 7.37",2019-05-06
" 7.50",2019-05-07
" 7.59",2019-05-08
" 7.76",2019-05-13
" 7.61",2019-05-14
" 7.65",2019-05-15
" 7.63",2019-05-16
" 7.68",2019-05-17
" 7.67",2019-05-20
" 7.63",2019-05-21
" 7.50",2019-05-22
" 7.48",2019-05-23
" 7.40",2019-05-24
" 7.60",2019-05-27
" 7.84",2019-05-28
" 7.81",2019-05-29
" 8.06",2019-05-30
" 7.89",2019-05-31
" 7.71",2019-06-03
" 7.56",2019-06-04
" 7.75",2019-06-05
" 7.73",2019-06-06
" 7.59",2019-06-07
" 7.54",2019-06-10
" 7.53",2019-06-11
" 7.50",2019-06-13
" 7.49",2019-06-14
" 7.41",2019-06-17
" 7.48",2019-06-18
" 7.49",2019-06-19
" 7.40",2019-06-20
" 7.41",2019-06-21
" 7.41",2019-06-24
" 7.51",2019-06-25
" 7.43",2019-06-26
" 7.50",2019-06-27
" 7.55",2019-06-28
" 7.39",2019-07-01
" 7.34",2019-07-02
" 7.28",2019-07-03
" 7.37",2019-07-04
" 7.14",2019-07-05
" 6.99",2019-07-08
" 7.20",2019-07-09
" 7.31",2019-07-10
" 7.25",2019-07-11
" 7.26",2019-07-12
" 7.26",2019-07-15
" 7.28",2019-07-16
" 7.28",2019-07-17
" 7.27",2019-07-18
" 7.27",2019-07-19
" 7.20",2019-07-22
" 7.23",2019-07-23
" 7.11",2019-07-24
" 7.23",2019-07-25
" 7.18",2019-07-26
" 7.15",2019-07-29
" 7.25",2019-07-30
" 7.30",2019-07-31
" 7.28",2019-08-01
" 7.18",2019-08-02
" 7.04",2019-08-05
" 7.04",2019-08-06
" 7.10",2019-08-07
" 7.08",2019-08-08
" 7.06",2019-08-09
" 7.04",2019-08-12
" 7.01",2019-08-13
" 7.02",2019-08-14
" 7.00",2019-08-15
" 7.05",2019-08-16
" 7.08",2019-08-19
" 7.05",2019-08-20
" 6.98",2019-08-21
" 6.98",2019-08-22
" 7.00",2019-08-23
" 7.41",2019-08-26
" 7.17",2019-08-27
" 7.11",2019-08-28
" 7.04",2019-08-29
" 7.13",2019-08-30
" 7.10",2019-09-02
" 7.13",2019-09-03
" 6.99",2019-09-04
" 6.83",2019-09-05
" 6.91",2019-09-06
" 6.75",2019-09-09
" 6.71",2019-09-10
" 6.78",2019-09-11
" 6.84",2019-09-12
" 6.74",2019-09-13
" 6.73",2019-09-16
" 6.79",2019-09-17
" 6.74",2019-09-18
" 6.88",2019-09-19
" 6.69",2019-09-20
" 6.69",2019-09-23
" 6.63",2019-09-24
" 6.97",2019-09-25
" 6.79",2019-09-26
" 6.80",2019-09-27
" 6.89",2019-09-30
" 6.85",2019-10-01
" 6.81",2019-10-02
" 6.79",2019-10-03
" 6.82",2019-10-04
" 7.16",2019-10-07
" 6.82",2019-10-08
" 6.86",2019-10-09
" 6.78",2019-10-10
" 6.80",2019-10-11
" 6.75",2019-10-14
" 6.83",2019-10-15
" 6.81",2019-10-16
" 6.79",2019-10-17
" 6.77",2019-10-18
" 6.77",2019-10-21
" 6.61",2019-10-22
" 6.62",2019-10-23
" 6.63",2019-10-24
" 6.75",2019-10-25
" 6.71",2019-10-28
" 6.76",2019-10-29
" 6.56",2019-10-30
" 6.60",2019-10-31
" 6.35",2019-11-01
" 6.27",2019-11-05
" 6.53",2019-11-06
" 6.42",2019-11-07
" 6.40",2019-11-08
" 6.37",2019-11-11
" 6.43",2019-11-12
" 6.38",2019-11-13
" 6.39",2019-11-14
" 6.41",2019-11-15
" 6.43",2019-11-18
" 6.50",2019-11-19
" 6.49",2019-11-20
" 6.45",2019-11-21
" 6.49",2019-11-22
" 6.56",2019-11-25
" 6.51",2019-11-26
" 6.46",2019-11-27
" 6.49",2019-11-28
" 6.60",2019-11-29
" 6.60",2019-12-02
" 6.48",2019-12-03
" 6.46",2019-12-04
" 6.39",2019-12-05
" 6.24",2019-12-06
" 6.20",2019-12-09
" 6.12",2019-12-10
" 6.22",2019-12-11
" 6.04",2019-12-12
" 5.98",2019-12-13
" 5.90",2019-12-16
" 5.85",2019-12-17
" 5.89",2019-12-18
" 5.94",2019-12-19
" 6.04",2019-12-20
" 6.02",2019-12-23
" 6.07",2019-12-24
" 6.22",2019-12-25
" 6.18",2019-12-26
" 6.23",2019-12-27
" 6.23",2019-12-30
" 6.17",2020-01-09
" 6.15",2020-01-10
" 6.02",2020-01-13
" 5.87",2020-01-14
" 6.07",2020-01-15
" 5.95",2020-01-16
" 5.93",2020-01-17
" 5.91",2020-01-20
" 5.94",2020-01-21
" 6.00",2020-01-22
" 5.99",2020-01-23
" 5.95",2020-01-24
" 6.19",2020-01-27
" 6.15",2020-01-28
" 6.18",2020-01-29
" 6.14",2020-01-30
" 6.05",2020-01-31
" 6.01",2020-02-03
" 5.93",2020-02-04
" 6.01",2020-02-05
" 6.01",2020-02-06
" 6.04",2020-02-07
" 5.96",2020-02-10
" 5.87",2020-02-11
" 5.82",2020-02-12
" 5.83",2020-02-13
" 5.79",2020-02-14
" 5.80",2020-02-17
" 5.80",2020-02-18
" 5.84",2020-02-19
" 5.81",2020-02-20
" 5.82",2020-02-21
" 5.97",2020-02-25
" 5.97",2020-02-26
" 5.95",2020-02-27
" 6.32",2020-02-28
" 5.96",2020-03-02
" 5.95",2020-03-03
" 5.90",2020-03-04
" 5.87",2020-03-05
" 5.95",2020-03-06
" 5.87",2020-03-10
" 5.56",2020-03-11
" 5.63",2020-03-12
" 5.30",2020-03-13
" 5.32",2020-03-16
" 5.30",2020-03-17
" 5.42",2020-03-18
" 5.72",2020-03-19
" 5.90",2020-03-20
" 5.80",2020-03-23
" 5.88",2020-03-24
" 5.84",2020-03-25
" 5.91",2020-03-26
" 6.24",2020-03-27
" 5.89",2020-04-06
" 5.74",2020-04-07
" 5.76",2020-04-08
" 5.89",2020-04-09
" 5.96",2020-04-10
" 5.83",2020-04-13
" 5.91",2020-04-14
" 5.96",2020-04-15
" 6.01",2020-04-16
" 6.12",2020-04-17
" 6.11",2020-04-20
" 6.15",2020-04-21
" 6.16",2020-04-22
" 6.16",2020-04-23
" 5.85",2020-04-24
" 5.58",2020-04-27
" 5.71",2020-04-28
" 5.89",2020-04-29
" 5.76",2020-04-30
" 5.35",2020-05-06
" 5.34",2020-05-07
" 5.19",2020-05-08
" 5.45",2020-05-12
" 5.51",2020-05-13
" 5.37",2020-05-14
" 5.27",2020-05-15
" 5.28",2020-05-18
" 5.30",2020-05-19
" 5.36",2020-05-20
" 5.32",2020-05-21
" 5.34",2020-05-22
" 5.41",2020-05-25
" 5.46",2020-05-26
" 5.50",2020-05-27
" 5.52",2020-05-28
" 5.47",2020-05-29
" 5.42",2020-06-01
" 5.34",2020-06-02
" 5.33",2020-06-03
" 5.37",2020-06-04
" 5.32",2020-06-05
" 5.09",2020-06-08
" 5.27",2020-06-09
" 5.14",2020-06-10
" 5.12",2020-06-11
" 5.06",2020-06-15
" 5.03",2020-06-16
" 4.83",2020-06-17
" 4.75",2020-06-18
" 4.69",2020-06-19
" 4.39",2020-06-22
" 4.42",2020-06-23
" 4.52",2020-06-25
" 4.51",2020-06-26
" 4.51",2020-06-29
" 4.38",2020-06-30
" 4.22",2020-07-02
" 4.05",2020-07-03
" 4.11",2020-07-06
" 4.25",2020-07-07
" 4.30",2020-07-08
" 4.28",2020-07-09
" 4.34",2020-07-10
" 4.35",2020-07-13
" 4.32",2020-07-14
" 4.25",2020-07-15
" 4.13",2020-07-16
" 4.14",2020-07-17
" 4.12",2020-07-20
" 4.12",2020-07-21
" 4.11",2020-07-22
" 4.03",2020-07-23
" 3.96",2020-07-24
" 4.03",2020-07-27
" 4.11",2020-07-28
" 4.15",2020-07-29
" 4.24",2020-07-30
" 4.26",2020-07-31
" 3.92",2020-08-03
" 4.03",2020-08-04
" 4.10",2020-08-05
" 4.13",2020-08-06
" 4.17",2020-08-07
" 4.18",2020-08-10
" 4.18",2020-08-11
" 4.09",2020-08-12
" 4.08",2020-08-13
" 4.11",2020-08-14
" 4.11",2020-08-17
" 4.12",2020-08-18
" 4.10",2020-08-19
" 4.12",2020-08-20
" 4.10",2020-08-21
" 4.06",2020-08-24
" 4.16",2020-08-25
" 4.17",2020-08-26
" 4.15",2020-08-27
" 4.18",2020-08-28
" 4.10",2020-08-31
" 4.10",2020-09-01
" 4.12",2020-09-02
" 4.15",2020-09-03
" 4.13",2020-09-04
" 4.00",2020-09-07
" 4.38",2020-09-08
" 4.12",2020-09-09
" 4.11",2020-09-10
" 4.10",2020-09-11
" 4.12",2020-09-14
" 4.18",2020-09-15
" 4.20",2020-09-16
" 4.24",2020-09-17
" 4.20",2020-09-18
" 4.16",2020-09-21
" 4.19",2020-09-22
" 4.20",2020-09-23
" 4.14",2020-09-24
" 4.23",2020-09-25
" 4.21",2020-09-28
" 4.19",2020-09-29
" 4.19",2020-09-30
" 4.08",2020-10-01
" 3.90",2020-10-02
" 4.04",2020-10-05
" 4.00",2020-10-06
" 4.20",2020-10-07
" 4.20",2020-10-08
" 4.24",2020-10-09
" 4.25",2020-10-12
" 4.24",2020-10-13
" 4.22",2020-10-14
" 4.24",2020-10-15
" 4.27",2020-10-16
" 4.22",2020-10-19
" 4.24",2020-10-20
" 4.24",2020-10-21
" 4.23",2020-10-22
" 4.23",2020-10-23
" 4.24",2020-10-26
" 4.23",2020-10-27
" 4.26",2020-10-28
" 4.26",2020-10-29
" 4.26",2020-10-30
" 4.15",2020-11-02
" 4.09",2020-11-03
" 4.14",2020-11-05
" 4.08",2020-11-06
" 3.78",2020-11-09
" 3.79",2020-11-10
" 4.14",2020-11-11
" 4.17",2020-11-12
" 4.20",2020-11-13
" 4.15",2020-11-16
" 4.18",2020-11-17
" 4.10",2020-11-18
" 4.10",2020-11-19
" 4.08",2020-11-20
" 4.02",2020-11-23
" 4.01",2020-11-24
" 4.06",2020-11-25
" 4.07",2020-11-26
" 4.03",2020-11-27
" 4.07",2020-11-30
" 4.06",2020-12-01
" 4.02",2020-12-02
" 4.02",2020-12-03
" 4.01",2020-12-04
" 3.64",2020-12-07
" 3.58",2020-12-08
" 4.05",2020-12-09
" 4.11",2020-12-10
" 4.19",2020-12-11
" 4.17",2020-12-14
" 4.25",2020-12-15
" 4.32",2020-12-16
" 4.31",2020-12-17
" 4.27",2020-12-18
" 4.27",2020-12-21
" 4.28",2020-12-22
" 4.20",2020-12-23
" 4.20",2020-12-24
" 4.19",2020-12-25
" 4.24",2020-12-28
" 4.20",2020-12-29
" 4.27",2020-12-30
" 4.27",2021-01-11
" 4.18",2021-01-12
" 4.23",2021-01-13
" 4.24",2021-01-14
" 4.25",2021-01-15
" 4.30",2021-01-18
" 4.30",2021-01-19
" 4.31",2021-01-20
" 4.35",2021-01-21
" 4.27",2021-01-22
" 4.27",2021-01-25
" 4.35",2021-01-26
" 4.25",2021-01-27
" 4.27",2021-01-28
" 4.43",2021-01-29
" 4.23",2021-02-01
" 4.10",2021-02-02
" 4.00",2021-02-03
" 4.00",2021-02-04
" 3.73",2021-02-05
" 3.28",2021-02-08
" 4.16",2021-02-09
" 4.09",2021-02-10
" 4.02",2021-02-11
" 4.00",2021-02-12
